name,popularity,play_count,spotify_revenue,apple_revenue
Dakiti,100,500002027,2218508.99,3675014.90
Mood (feat. iann dior),99,741554343,3290276.62,5450424.42
Dynamite,97,624093677,2769103.64,4587088.53
Blinding Lights,96,1874761848,8318318.32,13779499.58
WAP (feat. Megan Thee Stallion),96,640449618,2841674.96,4707304.69
positions,96,398244373,1767010.28,2927096.14
What You Know Bout Love,96,381185329,1691319.30,2801712.17
For The Night (feat. Lil Baby & DaBaby),95,472543922,2096677.38,3473197.83
you broke me first,95,434509540,1927918.83,3193645.12
Holy (feat. Chance The Rapper),95,301963698,1339812.93,2219433.18
Lonely (with benny blanco),95,263173873,1167702.47,1934327.97
Watermelon Sugar,94,1013887930,4498620.75,7452076.29
Lemonade,94,531253679,2357172.57,3904714.54
Head & Heart (feat. MNEK),94,434938255,1929821.04,3196796.17
RelaciÃ³n - Remix,94,277891420,1233004.23,2042501.94
Heather,93,394506330,1750424.59,2899621.53
Laugh Now Cry Later (feat. Lil Durk),93,381095061,1690918.79,2801048.70
Put Your Records On,93,223818089,993080.86,1645062.95
Therefore I Am,93,223427144,991346.24,1642189.51
Breaking Me,92,623603479,2766928.64,4583485.57
UN DIA (ONE DAY) (Feat. Tainy),92,347355757,1541217.49,2553064.81
Take You Dancing,92,261411745,1159883.91,1921376.33
34+35,92,239279653,1061683.82,1758705.45
Wonder,92,203660465,903641.48,1496904.42
Someone You Loved,91,1724932393,7653525.03,12678253.09
Savage Love (Laxed - Siren Beat),91,643225614,2853992.05,4727708.26
"Ay, DiOs MÃ­o!",91,310297438,1376789.73,2280686.17
POPSTAR (feat. Drake),91,304673753,1351837.44,2239352.08
Midnight Sky,91,253416676,1124409.79,1862612.57
Come & Go (with Marshmello),90,369744703,1640557.25,2717623.57
Wishing Well,90,337090372,1495669.98,2477614.23
Mood Swings (feat. Lil Tjay),90,308237186,1367648.39,2265543.32
Sofia,90,181813749,806707.60,1336331.06
Daisy,90,162792105,722308.57,1196521.97
Lucid Dreams,89,1513782311,6716652.11,11126299.99
lovely (with Khalid),89,1274210015,5653669.84,9365443.61
Circles,89,1264999032,5612800.70,9297742.89
The Box,89,1131831743,5021937.44,8318963.31
Dreams - 2004 Remaster,89,601743875,2669937.57,4422817.48
Falling,88,987205041,4380228.77,7255957.05
All I Want for Christmas Is You,88,911130025,4042683.92,6696805.68
HIGHEST IN THE ROOM,88,827985221,3673770.43,6085691.37
Robbery,88,678247855,3009385.73,4985121.73
Train Wreck,88,196447924,871639.44,1443892.24
Believer,87,1593960433,7072402.44,11715609.18
Jocelyn Flores,87,1336989144,5932220.83,9826870.21
Sweater Weather,87,759771487,3371106.09,5584320.43
All Girls Are The Same,87,708525596,3143728.07,5207663.13
Electric Love,87,446960805,1983165.09,3285161.92
Say You Won't Let Go,86,1620636989,7190766.32,11911681.87
Perfect,86,1615671605,7168734.91,11875186.30
All of Me,86,1379288853,6119904.64,10137773.07
Santa Tell Me,86,520888017,2311180.13,3828526.92
Daddy Issues,86,341187251,1513847.83,2507726.29
Everybody Dies In Their Nightmares,85,780247161,3461956.65,5734816.63
The Less I Know The Better,85,706550337,3134963.85,5193144.98
Rockin' Around The Christmas Tree,85,407754535,1809206.87,2996995.83
Play Date,85,351816338,1561009.09,2585850.08
Clean White Noise - Loopable with no fade,85,50021750,221946.50,367659.86
Every Breath You Take,84,794553509,3525433.92,5839968.29
Take on Me,84,791721155,3512866.76,5819150.49
Yellow,84,740846752,3287137.04,5445223.63
Back In Black,84,706595612,3135164.73,5193477.75
Highway to Hell,84,694024600,3079387.15,5101080.81
Africa,83,923937415,4099510.31,6790940.00
Billie Jean,83,799245601,3546252.73,5874455.17
Hotel California - 2013 Remaster,83,753620730,3343815.18,5539112.37
Livin' On A Prayer,83,682689212,3029092.03,5017765.71
Thunderstruck,83,650395973,2885806.93,4780410.40
Sweet Home Alabama,82,696053531,3088389.52,5115993.45
Here Comes The Sun - Remastered 2009,82,580559888,2575944.22,4267115.18
Summer Of '69,82,550551797,2442798.32,4046555.71
"Rocket Man (I Think It's Going To Be A Long, Long Time)",82,506828212,2248796.78,3725187.36
The Chain - 2004 Remaster,82,465053310,2063441.54,3418141.83
Don't Stop Believin',81,980189531,4349100.95,7204393.05
Under the Bridge,81,724762169,3215769.74,5327001.94
Sweet Dreams (Are Made of This) - Remastered,81,640050518,2839904.15,4704371.31
Fortunate Son,81,558461777,2477894.90,4104694.06
Mr. Blue Sky,81,480058874,2130021.22,3528432.72
September,80,768092854,3408027.99,5645482.48
Ain't No Mountain High Enough,80,610387306,2708288.48,4486346.70
You Give Love A Bad Name,80,507782024,2253028.84,3732197.88
You Shook Me All Night Long,80,490772250,2177556.47,3607176.04
Landslide,80,323863055,1436980.38,2380393.45
Brown Eyed Girl,79,504403353,2238037.68,3707364.64
My Girl,79,452742157,2008816.95,3327654.85
Tiny Dancer,79,397058193,1761747.20,2918377.72
Come Together - Remastered 2009,79,373803207,1658564.83,2747453.57
California Dreamin' - Single Version,79,304120552,1349382.89,2235286.06
"Paint It, Black",78,519221818,2303787.21,3816280.36
Can't Help Falling in Love,78,387301984,1718458.90,2846669.58
Stand by Me,78,335569747,1488922.97,2466437.64
All Along the Watchtower,78,399370164,1772005.42,2935370.71
Sweet Caroline,78,334502313,1484186.76,2458592.00
Yesterday - Remastered 2009,77,296495151,1315548.98,2179239.36
(I Can't Get No) Satisfaction - Mono Version,77,365587770,1622112.94,2687070.11
Whole Lotta Love - 1990 Remaster,77,315215233,1398609.99,2316831.96
"Signed, Sealed, Delivered (I'm Yours)",77,315305088,1399008.68,2317492.40
Immigrant Song - Remaster,77,352769760,1565239.43,2592857.74
At Last,76,227280843,1008445.10,1670514.20
"Mrs. Robinson - From ""The Graduate"" Soundtrack",76,315090775,1398057.77,2315917.20
I Say a Little Prayer,76,286382416,1270678.78,2104910.76
Gimme Shelter,76,318102557,1411421.05,2338053.79
I Want You Back,76,501024258,2223044.63,3682528.30
Sympathy For The Devil - 50th Anniversary Edition,75,312989822,1388735.84,2300475.19
(Sittin' On) the Dock of the Bay,75,312042937,1384534.51,2293515.59
American Pie,75,343238112,1522947.50,2522800.12
Let's Stay Together,75,277327507,1230502.15,2038357.18
You're so Vain,75,223189567,990292.11,1640443.32
Jump Around,74,277252180,1230167.92,2037803.52
Bulls On Parade,74,205865656,913425.92,1513112.57
Down Under,74,389548548,1728426.91,2863181.83
Truly Madly Deeply,74,256725553,1139091.28,1886932.81
Freak On a Leash,74,204812131,908751.43,1505369.16
Time After Time,73,325825120,1445686.06,2394814.63
99 Luftballons,73,207827423,922130.28,1527531.56
This Charming Man - 2011 Remaster,73,187726529,832942.61,1379789.99
You're the Inspiration - 2006 Remaster,73,161404106,716150.02,1186320.18
Forever Young,73,272289908,1208150.32,2001330.82
Follow Me,72,183226201,812974.65,1346712.58
(What A) Wonderful World,72,257767824,1143715.84,1894593.51
Papercut,72,212159510,941351.75,1559372.40
My Only Wish (This Year),72,203871484,904577.77,1498455.41
Trouble,72,239789901,1063947.79,1762455.77
Only Time,71,166479027,738667.44,1223620.85
7 Days,71,178198730,790667.77,1309760.67
Youth of the Nation,71,153241055,679930.56,1126321.75
Survivor,71,267066341,1184973.36,1962937.61
"Harder, Better, Faster, Stronger",71,172499416,765379.91,1267870.71
Straight Outta Compton,70,204921634,909237.29,1506174.01
Fuck Tha Police,70,176527711,783253.45,1297478.68
Love Shack,70,102265777,453753.25,751653.46
Epic,70,110432833,489990.48,811681.32
Rayando El Sol,70,149483544,663258.48,1098704.05
Dr. Feelgood,69,112636616,499768.67,827879.13
18 and Life,69,134378121,596235.72,987679.19
Here Comes Your Man,69,102659401,455499.76,754546.60
The Girl From Ipanema,69,89261579,396053.63,656072.61
Live And Let Die,69,71782429,318498.64,527600.85
Fly Like An Eagle,68,85901656,381145.65,631377.17
Isn't She Lovely,68,98277362,436056.66,722338.61
Cold as Ice,68,105405015,467682.05,774726.86
Last Train to London,68,57524858,255237.79,422807.71
Take It On the Run,68,72319307,320880.77,531546.91
It's Still Rock and Roll to Me,67,92454648,410221.27,679541.66
Pride and Joy,67,90238467,400388.08,663252.73
Easy Lover,67,149561497,663604.36,1099277.00
We Belong,67,82737546,367106.49,608120.96
Sussudio - 2016 Remaster,67,76830632,340897.51,564705.15
All the Love in the World,67,43943900,194979.08,322987.67
Always On My Mind,66,51548762,228721.86,378883.40
Crazy On You,66,79099699,350965.36,581382.79
Slow Ride,66,71698077,318124.37,526980.87
Lyin' Eyes - 2013 Remaster,66,72888891,323408.01,535733.35
Show Me The Way,66,542188504,2405690.39,3985085.50
Cruel Summer,65,64566656,286482.25,474564.92
Your Love Is King,65,84944952,376900.75,624345.40
Run To You,65,73561041,326390.34,540673.65
Forever Young - 2019 Remaster,65,55244963,245121.90,406050.48
Small Town,65,88982713,394816.30,654022.94
Suck My Kiss,64,64792691,287485.17,476226.28
The King of Wishful Thinking,64,46012379,204156.93,338190.99
Wake Up,64,97808176,433974.88,718890.09
Nightswimming,64,40983305,181842.92,301227.29
One Last Cry,64,39667221,176003.46,291554.07
He's the Greatest Dancer,63,61144583,271298.51,449412.69
Thinking of You,63,21761364,96555.17,159946.03
You May Be Right,63,34134092,151452.97,250885.58
867-5309 / Jenny,63,39468287,175120.79,290091.91
Give It To Me Baby,63,50478362,223972.49,371015.96
I Feel for You,62,28566113,126747.84,209960.93
Foolish Heart,62,24954271,110722.10,183413.89
Pedro Y Pablo,62,23821420,105695.64,175087.44
Shot in the Dark,62,33705287,149550.36,247733.86
I'm Your Man,62,23844294,105797.13,175255.56
Close My Eyes Forever,61,33544610,148837.43,246552.88
Born To Be My Baby,61,39836901,176756.33,292801.22
Once Bitten Twice Shy,61,30147330,133763.70,221582.88
Head Like A Hole,61,32171844,142746.47,236463.05
Love Buzz,61,35185818,156119.47,258615.76
We Got The Beat,60,33692231,149492.43,247637.90
Heavy Metal,60,22524583,99941.57,165555.69
Urgent,60,31914712,141605.58,234573.13
"Baby, Come To Me",60,29963426,132947.72,220231.18
You Can Do Magic,60,28869850,128095.52,212193.40
Elvira,59,17387574,77148.67,127798.67
Tempted,59,17413718,77264.67,127990.83
Waiting On A Friend - Remastered 2009,59,25962177,115194.18,190822.00
You Dropped A Bomb On Me,59,26340153,116871.26,193600.12
I Won't Hold You Back,59,21170375,93932.95,155602.26
Cheeseburger In Paradise,58,25052441,111157.68,184135.44
Romeo's Tune,58,11752023,52143.73,86377.37
Brujeria,58,18718531,83054.12,137581.20
It's My House,58,12647858,56118.55,92961.76
She's Out of My Life - Single Version,58,31403498,139337.32,230815.71
Let It Ride,57,19721672,87505.06,144954.29
You Are Everything,57,17324317,76867.99,127333.73
The Bitch Is Back,57,21567503,95695.01,158521.15
Lovin' You,57,23212776,102995.09,170613.90
Fly By Night,57,22983584,101978.16,168929.34
Dog Eat Dog,56,14143728,62755.72,103956.40
Hong Kong Garden,56,17587962,78037.79,129271.52
"Train, Train",56,12243973,54326.51,89993.20
Cruel to Be Kind,56,11691039,51873.14,85929.14
The Long Run - 2013 Remaster,56,22213185,98559.90,163266.91
Hammer Smashed Face,55,13797642,61220.14,101412.67
Let's Get Rocked,55,10992439,48773.45,80794.43
Green Machine,55,14561011,64607.21,107023.43
Come Baby Come,55,16682222,74019.02,122614.33
Milk It,55,14332130,63591.66,105341.16
Freeze-Frame,54,11929959,52933.23,87685.20
Over the Mountain,54,16837136,74706.37,123752.95
Controversy,54,11582194,51390.19,85129.13
All Those Years Ago - Remastered 2004,54,12831465,56933.21,94311.27
Atomic Dog,54,13289441,58965.25,97677.39
Tea for Two,53,831510,3689.41,6111.60
If I Give My Heart to You (with The Mellomen),53,6535042,28995.98,48032.56
Sin Ti - Remasterizado,53,7196010,31928.70,52890.67
Softly As In A Morning Sunrise,53,4993896,22157.92,36705.14
The Christmas Waltz - Remastered,53,13863674,61513.12,101898.00
Mack the Knife,52,42139016,186970.81,309721.77
Gloomy Sunday (with Teddy Wilson & His Orchestra) - Take 1,52,16449593,72986.84,120904.51
Where Did You Sleep Last Night,52,13957165,61927.94,102585.16
I Get A Kick Out Of You,52,11151661,49479.92,81964.71
Double Trouble,52,8698600,38595.69,63934.71
"Sing, Sing, Sing",51,32342942,143505.63,237720.62
Easy Living (with Teddy Wilson & His Orchestra),51,25215331,111880.42,185332.68
In the Mood,51,51855138,230081.25,381135.26
I've Got Plenty To Be Thankful For,51,2820144,12512.98,20728.06
I Can't Quit You Baby,51,23868752,105905.65,175435.33
Let It Snow! Let It Snow! Let It Snow! (with The B. Swanson Quartet),50,305505721,1355528.88,2245467.05
Little Red Rooster,50,5985412,26557.27,43992.78
Mambo Italiano (with The Mellomen) - 78rpm Version,50,10224806,45367.46,75152.32
My Funny Valentine - Remastered,50,11485140,50959.57,84415.78
Hello! Ma Baby,50,2428828,10776.71,17851.89
Ain't Misbehavin',49,5766389,25585.47,42382.96
Cheek to Cheek,49,7758683,34425.28,57026.32
Christmas In Killarney,49,5637509,25013.63,41435.69
"Baby, It's Cold Outside (with Dorothy Kirsten)",49,3693637,16388.67,27148.23
Up On The House Top (Ho Ho Ho) (with Carl Cotner's Orchestra),49,2248798,9977.92,16528.67
The Way You Look Tonight (with Teddy Wilson & His Orchestra) - Take 2,48,7136473,31664.53,52453.08
Come Back To Sorrento,48,4823703,21402.77,35454.22
"The Theme from ""A Summer Place"" - Single Version",48,16932348,75128.83,124452.76
Cama de Piedra,48,4120628,18283.23,30286.62
Blue Monk - Rudy Van Gelder Remaster,48,11357370,50392.65,83476.67
"Dark Was the Night, Cold Was the Ground",47,7461224,33105.45,54840.00
The Man I Love,47,5422450,24059.41,39855.01
Lullaby of Broadway (with Harry James & His Orchestra),47,3839444,17035.61,28219.91
Ahmad's Blues,47,8730968,38739.31,64172.61
Count Your Blessings Instead Of Sheep,47,1852641,8220.17,13616.91
Me and the Devil Blues,46,3719377,16502.88,27337.42
Jackson (with June Carter Cash),46,3631458,16112.78,26691.22
That's Where The South Begins,46,1485444,6590.92,10918.01
Finale/Hallelujah,46,265735,1179.07,1953.15
Joy Spring,46,1737365,7708.69,12769.63
Two Sleepy People,45,1109473,4922.73,8154.63
Sentimental Journey (with Les Brown & His Orchestra),45,4210650,18682.65,30948.28
Come On-A My House,45,3473208,15410.62,25528.08
Winter Wonderland - Single Version,45,4518608,20049.06,33211.77
"My Woman, My Woman, My Wife",45,2109158,9358.33,15502.31
Cross Road Blues - Take 1,44,8968050,39791.24,65915.17
Foolin' Myself (with Teddy Wilson & His Orchestra),44,3012879,13368.14,22144.66
Chattanooga Choo Choo,44,98628,437.61,724.92
Let's Start The New Year Off Right,44,19986162,88678.60,146898.29
OPM Medley: When I Met You,44,2539993,11269.95,18668.95
This Year's Kisses (with Teddy Wilson & His Orchestra),43,2639491,11711.42,19400.26
Faith Of Our Fathers,43,197894,878.06,1454.52
If You've Got the Money I've Got the Time,43,3102450,13765.57,22803.01
Shake Hands with Santa Claus - Mono Recording,43,2875888,12760.32,21137.78
Leap Frog - Take 11 / Take 6 / Master Take,43,1584320,7029.63,11644.75
Weather Bird,42,3240927,14379.99,23820.81
It's Nobody's Fault but Mine,42,4293702,19051.16,31558.71
If You Were Mine (with Teddy Wilson & His Orchestra),42,2709322,12021.26,19913.52
Miss Brown to You (with Teddy Wilson & His Orchestra),42,2765238,12269.36,20324.50
Come On In My Kitchen,42,5638143,25016.44,41440.35
Singin' The Blues,41,4318009,19159.01,31737.37
Blue Moon of Kentucky,41,1960040,8696.70,14406.29
Paloma Querida,41,579314,2570.42,4257.96
I'd Cry Like A Baby,41,2167257,9616.12,15929.34
Under The Bridges Of Paris,41,2567243,11390.86,18869.24
I Wished On the Moon (with Teddy Wilson & His Orchestra),40,1725648,7656.70,12683.51
Can the Circle Be Unbroken,40,2331231,10343.67,17134.55
Wabash Cannonball,40,521601,2314.34,3833.77
If I Only Had A Brain - Extended Version,40,2374722,10536.64,17454.21
Tain't What You Do (It's The Way That You Do It),40,2271069,10076.73,16692.36
These Foolish Things (Remind Me of You) (with Teddy Wilson & His Orchestra),39,2788410,12372.18,20494.81
Wildwood Flower,39,1166526,5175.88,8573.97
All Or Nothing At All,39,1920346,8520.58,14114.54
Follow The Yellow Brick Road / You're Off To See The Wizard,39,1993264,8844.11,14650.49
Il cielo in una stanza,39,2423367,10752.48,17811.75
Why Don't You Do Right? (feat. Peggy Lee),38,2008208,8910.42,14760.33
"Cabaret (from ""Cabaret"")",38,2741664,12164.76,20151.23
How High The Moon,38,3009814,13354.54,22122.13
Embraceable You,38,3243950,14393.41,23843.03
Con Alma,38,3395876,15067.50,24959.69
"On the Sunny Side of the Street (From ""Is Everybody Happy?"")",37,1333070,5914.83,9798.06
I Can't Believe That You're In Love With Me,37,3149257,13973.25,23147.04
We're Off To See The Wizard - Duo,37,1671265,7415.40,12283.80
Half As Much (with Percy Faith & His Orchestra),37,1258168,5582.49,9247.53
Botch-A-Me (Ba-Ba-Baciami Piccina),37,2153061,9553.13,15825.00
Chorra,36,633475,2810.73,4656.04
I Can't Give You Anything but Love (with Teddy Wilson & His Orchestra),36,1500321,6656.92,11027.36
Man Stealer Blues,36,1664299,7384.49,12232.60
Preachin' Blues (Up Jumped the Devil),36,1216669,5398.36,8942.52
A Guy Is a Guy,36,1550713,6880.51,11397.74
What a Little Moonlight Can Do (with Teddy Wilson & His Orchestra),35,6450865,28622.49,47413.86
Doin' The Uptown Lowdown,35,366403,1625.73,2693.06
Doin' The Jive,35,763218,3386.40,5609.65
Love in Vain - Take 1,35,2375021,10537.97,17456.40
I Believe I'll Dust My Broom,35,1408901,6251.29,10355.42
When You're Smiling (The Whole World Smiles with You) (with Teddy Wilson & His Orchestra) - Take 3,34,1214564,5389.02,8927.05
Frenesi,34,2606441,11564.78,19157.34
Don't Sit Under the Apple Tree (with Anyone Else but Me),34,1683672,7470.45,12374.99
Got The Bottle Up And Gone,34,1241156,5507.01,9122.50
O mio babbino caro from Gianni Schicchi,34,1808146,8022.74,13289.87
Blue Skies - 78rpm Version,33,420434,1865.47,3090.19
Moonlight Cocktail,33,1310204,5813.38,9630.00
If I Only Had A Heart - Extended Version,33,1202763,5336.66,8840.31
Munchkinland Musical Sequence,33,390371,1732.08,2869.23
"Looky, Looky, Yonder / Black Betty / Yellow Women's Doorbells",33,3217640,14276.67,23649.65
Ain't Misbehavin',32,654182,2902.61,4808.24
Georgia On My Mind (with Eddie Heywood & His Orchestra) - Take 1,32,1375463,6102.93,10109.65
I Cover the Waterfront,32,2393769,10621.15,17594.20
That's Life I Guess (with Teddy Wilson & His Orchestra) - Take 1,32,484254,2148.63,3559.27
Sleepy Time Gal,32,309777,1374.48,2276.86
Little Jack Frost Get Lost (with Marjorie Hughes) - 78rpm Version,31,1109077,4920.97,8151.72
"Brother, Can You Spare a Dime? (with Lenny Hayton & His Orchestra)",31,936619,4155.78,6884.15
Ma L'Amore No,31,299877,1330.55,2204.10
Yankee Doodle Never Went to Town (feat. Billie Holiday) - Take 1,31,702051,3115.00,5160.07
He Ain't Got Rhythm (with Teddy Wilson & His Orchestra),31,681994,3026.01,5012.66
Manhattan Serenade,30,284335,1261.59,2089.86
Let Your Light Shine on Me,30,800980,3553.95,5887.20
Papa's on the House Top,30,1363295,6048.94,10020.22
Fita Amarela,30,1277441,5668.01,9389.19
There's Frost On The Moon,30,632671,2807.16,4650.13
'Tain't Nobody's Bizness If I Do,29,1013949,4498.89,7452.53
I'm Gettin' Sentimental Over You,29,573390,2544.13,4214.42
The Soul of a Man,29,643658,2855.91,4730.89
Pennies from Heaven (with Teddy Wilson & His Orchestra) - Take 1,29,734251,3257.87,5396.74
When a Woman Loves a Man,29,695698,3086.81,5113.38
Honeysuckle Rose,28,997602,4426.36,7332.37
All My Life - Live,28,679090,3013.12,4991.31
"If I Knew You Were Comin', I'd've Baked a Cake",28,873345,3875.03,6419.09
Getting Some Fun Out of Life,28,869582,3858.34,6391.43
Kind Hearted Woman Blues,28,492416,2184.85,3619.26
"Empty Bed Blues, Pt. 1",27,1159047,5142.69,8519.00
I'm Gonna Sit Right Down and Write Myself a Letter,27,2072004,9193.48,15229.23
Till The Cows Come Home,27,240810,1068.47,1769.95
Shave 'Em Dry II,27,271868,1206.28,1998.23
Them There Eyes,27,1516116,6727.01,11143.45
Send Me to the 'Lectric Chair,26,350592,1555.58,2576.85
Need a Little Sugar in My Bowl,26,827715,3672.57,6083.71
I'm Coming Virginia,26,464768,2062.18,3416.04
Back In Your Own Backyard - Take 2,26,311755,1383.26,2291.40
A Fine Romance - Take 1,26,511836,2271.02,3761.99
The Rumba Dance,25,175489,778.64,1289.84
Things Are Looking Up (with Teddy Wilson & His Orchestra),25,200033,887.55,1470.24
Your Mother's Son-In-Law (with Benny Goodman & His Orchestra),25,359954,1597.12,2645.66
Walkin' Blues,25,751135,3332.79,5520.84
Traveling Riverside Blues - Alternate Take,25,1411876,6264.49,10377.29
Young Woman's Blues,24,160112,710.42,1176.82
Your Feet's Too Big,24,854932,3793.33,6283.75
In a Mist,24,289879,1286.19,2130.61
Jesus Make Up My Dying Bed,24,733070,3252.63,5388.06
Ghost of Yesterday,24,209397,929.09,1539.07
Song of India,23,62287,276.37,457.81
Wild Man Blues,23,89494,397.08,657.78
Basin Street Blues,23,620108,2751.42,4557.79
Hotter Than That,23,437991,1943.37,3219.23
Sleigh Ride (with Paula Kelly),23,687330,3049.68,5051.88
St. Louis Blues (with Louis Armstrong),22,1062764,4715.48,7811.32
Me and My Gin,22,123454,547.77,907.39
Baby Won't You Please Come Home,22,210437,933.71,1546.71
Careless Love,22,425190,1886.57,3125.15
St. Louis Blues,22,245833,1090.76,1806.87
Functionizin',21,423212,1877.79,3110.61
Potato Head Blues,21,736995,3270.05,5416.91
Wolverine Blues - 1990 Remastered - Take 1,21,151099,670.43,1110.58
Muggles,21,269926,1197.66,1983.96
God Moves On the Water,21,381568,1693.02,2804.52
Snake Rag,20,156537,694.55,1150.55
Backwater Blues,20,496351,2202.31,3648.18
"Come Back, Sweet Papa",20,378651,1680.07,2783.08
Star Dust,20,388603,1724.23,2856.23
Someone to Watch Over Me - Live,20,563104,2498.49,4138.81
"Jingle Bells (feat. Tex Beneke, The Modernaires & Ernie Caceres)",19,81292,360.69,597.50
Twenty-Four Hours a Day (feat. Billie Holiday) - Take 1,19,336771,1494.25,2475.27
Let's Call a Heart a Heart,19,120878,536.34,888.45
"What a Night, What a Moon, What a Girl (with Teddy Wilson & His Orchestra)",19,222859,988.83,1638.01
Sugar (with Teddy Wilson & His Orchestra),19,404204,1793.45,2970.90
Down Hearted Blues,18,784318,3480.02,5764.74
Rose Room (feat. Benny Goodman & Charlie Christian),18,508909,2258.03,3740.48
Keep Your Lamp Trimmed And Burning,18,234683,1041.29,1724.92
"Church, I'm Fully Saved Today",18,137310,609.24,1009.23
La Chambelona,18,35568,157.82,261.42
Gimme a Pigfoot and a Bottle of Beer,17,663326,2943.18,4875.45
Horses - Take 2,17,93337,414.14,686.03
There Ain't No Land Like Dixieland to Me (feat. Bix Beiderbecke & Frank Trumbauer),17,30262,134.27,222.43
Riverboat Shuffle (feat. Bix Beiderbecke),17,81476,361.51,598.85
Way Down Yonder In New Orleans (feat. Bix Beiderbecke),17,384342,1705.33,2824.91
All That Meat And No Potatoes,16,454703,2017.52,3342.07
California Blues,16,86564,384.08,636.25
Memories Of You (feat. Charlie Christian),16,172227,764.17,1265.87
Mother's Children Have a Hard Time,16,230693,1023.58,1695.59
Bye and Bye I'm Goin' to See the King,16,230822,1024.16,1696.54
The Glow Worm,15,173445,769.58,1274.82
Your Love Is Like a Flower,15,97453,432.40,716.28
The Last Time I Saw Paris,15,39176,173.82,287.94
The Duke,15,3491950,15493.78,25665.83
Candlelight on Crystal,15,185770,824.26,1365.41
From Four Until Late,14,22500361,99834.10,165377.65
Sleigh Ride (with Paula Kelly),14,687330,3049.68,5051.88
Hellhound on My Trail,14,665442,2952.57,4891.00
"Single Girl, Married Girl",14,278117,1234.01,2044.16
Somebody Stole My Gal - Instrumental,14,54392,241.34,399.78
Carolina In the Morning,13,916959,4068.55,6739.65
Cast Your Fate To The Wind,13,808852,3588.88,5945.06
I Ain't Marching Anymore - Alternate Version,13,46630,206.90,342.73
Any Time You Want Love - 2019 - Remaster,13,18353,81.43,134.89
Ami Chini Go Chini Tomare,13,8618,38.24,63.34
Crepuscule With Nellie (Takes 4 & 5),12,149611,663.82,1099.64
Springsville - Mono Version,12,144397,640.69,1061.32
Ysabel's Table Dance - 1957/62 Master Takes,12,114439,507.77,841.13
Sauerkraut Calypso,12,40368,179.11,296.70
The Maids of Cadiz - Mono Version,12,40368,179.11,296.70
Rosa Engeitada,11,117999,523.56,867.29
My Fair Lady: I'm an Ordinary Man,11,113468,503.46,833.99
A Lovely Way To Spend An Evening,11,96333,427.43,708.05
Gidget Goes Hawaiian,11,58451,259.35,429.61
Don't Take Your Love From Me - 2002 Remaster,11,55538,246.42,408.20
The Night They Invented Champagne,11,34869,154.71,256.29
White Christmas Medley: Winter Wonderland/Silver Bells/White Christmas,11,33244,147.50,244.34
Ride On King Jesus,11,29829,132.35,219.24
Molly and Tenbrooks (The Race Horse Song),10,115129,510.83,846.20
Cherry Pies Ought to Be You (with Rosemary Clooney),10,88557,392.93,650.89
Easy to Love / I've Got You Under My Skin,10,68997,306.14,507.13
In a Little Spanish Town,10,38198,169.48,280.76
It's a Sin to Tell a Lie (with Teddy Wilson & His Orchestra) - Take 3,10,33940,150.59,249.46
I've Got The Sun In The Morning,10,26392,117.10,193.98
Pal Bhar Mein Yeh Kya Ho Gaya,10,25651,113.81,188.53
Ana Fe Entezarak,10,13106,58.15,96.33
Robaaeyat El Khayam,10,10818,48.00,79.51
Step Lightly (Junior's Arrival),9,246735,1094.76,1813.50
"Goldberg Variations, BWV 988: Variation 13 a 2 Clav. - 1955 Version",9,151134,670.58,1110.83
I've Grown Accustomed to Her Face - Mono Version,9,87742,389.31,644.90
Tiny's Tempo - Short Take 1 / Short Take 2,9,32212,142.92,236.76
"My Old Flame - Live At Masonic Temple, Ann Arbor, MI.,1954",9,20204,89.65,148.50
Davenport Blues - 2014 Remastered Version,9,15379,68.24,113.04
The Shining Birch Tree,9,12317,54.65,90.53
Loveless Love (with Benny Carter & His All Star Orchestra) - Take 2,8,110873,491.94,814.92
Breakfast Feud (feat. Benny Goodman & Charlie Christian),8,88492,392.64,650.42
On the Alamo (feat. Benny Goodman & Charlie Christian),8,48934,217.12,359.66
Come Back To Me In My Dreams,8,24525,108.82,180.26
Siberian Sleighride,8,18120,80.40,133.18
"Who Do You Love, I Hope?",8,16530,73.34,121.50
I Got It Bad (and That Ain't Good) - 1995 Remastered,7,142431,631.97,1046.87
Poor Howard / Green Corn,7,59204,262.69,435.15
You're so Desirable (with Teddy Wilson & His Orchestra) - Take 1,7,53494,237.35,393.18
Boy Scout In Switzerland,7,22365,99.23,164.38
Bumpy Weather Over Newark,7,20068,89.04,147.50
Squaty Roo - Remastered - 1995,7,18144,80.50,133.36
Indiferencia (Con Alberto Echague),7,16404,72.78,120.57
War Dance For Wooden Indians,7,15246,67.65,112.06
Fashion Plate Daddy,7,14978,66.46,110.09
Kill-It-Kid Rag,7,4911,21.79,36.10
Kapitel 1 - Der Page und die Herzogin,7,3276,14.54,24.08
Sugar Foot Strut,7,3191,14.16,23.45
Se lipame,7,3076,13.65,22.61
Winter Weather - Mono Recording,6,3313098,14700.22,24351.27
Gut Bucket Blues,6,305562,1355.78,2245.88
How Deep Is the Ocean?,6,246863,1095.33,1814.44
Oriental Strut,6,98812,438.43,726.27
Cornet Chop Suey,6,62706,278.23,460.89
Barrelhouse Bessie From Basin Street,6,37671,167.15,276.88
Wake Up Jacob - 2020 Remaster,6,16993,75.40,124.90
'Buked and Scorned,5,30466,135.18,223.93
Gaston's House,5,21872,97.05,160.76
Concerto To End All Concertos,5,12709,56.39,93.41
Johnny's Gone To Hilo,5,9409,41.75,69.16
Wheatleigh Hall,5,8667,38.46,63.70
"Navajo: Night Chant, Yeibichei",5,2556,11.34,18.79
Luna Sobre el Condado,5,1652,7.33,12.14
"Can't Get Out of This Mood - From the Film ""Seven Days Leave""",4,296440,1315.30,2178.83
Everything Happens for the Best,4,125056,554.87,919.16
Ciribiribin (They're So In Love),4,115238,511.31,847.00
Bad Luck Blues,4,69052,306.38,507.53
You're Gonna See a Lot of Me (with Teddy Wilson & His Orchestra) - Take 1,4,44103,195.69,324.16
It's a Sin to Tell a Lie (with Teddy Wilson & His Orchestra) - Take 1,4,33940,150.59,249.46
Lonely Melody,3,10814,47.98,79.48
Danny Boy,3,10308,45.74,75.76
Sugar,3,6451,28.62,47.41
Dust,3,3742,16.60,27.50
Goin' Home,2,6902,30.62,50.73
Every Night About This Time,2,6767,30.03,49.74
Our Love Affair,2,6001,26.63,44.11
When Irish Eyes Are Smiling,2,5559,24.67,40.86
Oh! Look At Me Now,2,5280,23.43,38.81
Rhumboogie,2,4734,21.00,34.79
Chizzlin' Sam,2,1901,8.43,13.97
Gati Hendrakusuma,2,1000,4.44,7.35
Tedhak Saking,2,1000,4.44,7.35
Gati Mares,2,1000,4.44,7.35
O Marenariello,1,8807,39.08,64.73
Lonesome Shack,1,5176,22.97,38.04
Back In Your Own Backyard,1,4809,21.34,35.35
Lovable,1,4441,19.70,32.64
Red Hot Chicago,1,4419,19.61,32.48
When,1,3887,17.25,28.57
My Pet,1,3881,17.22,28.53
Button Up Your Overcoat,1,2816,12.49,20.70
Hottentot Potentate - Live,1,2811,12.47,20.66
The Pearls,1,2532,11.23,18.61
Love Come And Go,1,2146,9.52,15.77
Where The River Shannon Flows,1,1865,8.28,13.71
Molly Brannigan,1,1697,7.53,12.47
Honey In The Honeycomb,1,1405,6.23,10.33
Shake Your Ashes - Live,1,1397,6.20,10.27
Gati Main-main,1,1000,4.44,7.35
Une Femme Qui Passe,1,1000,4.44,7.35
Gati Kumencar,1,1000,4.44,7.35
Lazy Daddy,1,1000,4.44,7.35
Cheer Up and Smile,1,1000,4.44,7.35
Jodi Bolo,0,54080,239.95,397.49
"Nacchite Ye Panaina (From ""Dohchay"")",0,12344,54.77,90.73
Rapsodie espagnole: PrÃ©lude Ã  la nuit,0,11656,51.72,85.67
JacÃ´k - Mountain Dancde,0,1481,6.57,10.89
Sur une Ride du Soleil,0,1075,4.77,7.90
Sunburst Rag,0,1000,4.44,7.35
Tomar Bhuban Hote,0,1000,4.44,7.35
At the Zoo: Lion,0,1000,4.44,7.35
"Bruch: Violin Concerto No. 1 in G Minor, Op. 26: II. Adagio",0,1000,4.44,7.35
Mercedes,0,1000,4.44,7.35
Perry's Victory On Lake Erie,0,1000,4.44,7.35
Easter Hymn,0,1000,4.44,7.35
